,,Samedi,,Dimanche,,Lundi,,Mardi,,Mercredi,,Jeudi,,Vendredi,
,,Prev,Real,Prev,Real,Prev,Real,Prev,Real,Prev,Real,Prev,Real,Prev,Real
Météo,,,,,,,,,,,,,,,
Marée,coeff,,,,,,,,,,,,,,
Marée,PM,,,,,,,,,,,,,,
Marée,BM,,,,,,,,,,,,,,
Port départ,,,,,,,,,,,,,,,
Heure départ,,,,,,,,,,,,,,,
Port arrivé,,,,,,,,,,,,,,,
Heure arrivé,,,,,,,,,,,,,,,
Pratique,Conduite,,,,,,,,,,,,,,
Apport pratique,Manoeuvre,,,,,,,,,,,,,,
Apport pratique,Nav,,,,,,,,,,,,,,
Apport pratique,Secu,,,,,,,,,,,,,,
Apport pratique,Enviro,,,,,,,,,,,,,,
Topo,,,,,,,,,,,,,,,
